Workbook

Sheet Tee 11h00
B2: FLIGHT GIẢI GOLF CHÀO MỪNG ĐẠI HỘI MƯỜNG THANH 2026
A4: STT | B4: Flight | C4: Holes | E4: Goler name | F4: VGA | G4: Chức vụ | H4: Low handicap index (01/1/2026 - 03/10/2026) | I4: Course HNC | J4: Division | K4: Nickname trên Vhandicap | L4: GHI CHÚ
A6: =IF(E6="","",COUNTA($E$6:E6)) -> 1 | B6: 1 | C6: 1A | D6: Ông | E6: Lê Thanh Thản | G6: =IFERROR(VLOOKUP(E6, 'DS- Title'!$A:$B, 2, 0), "") -> Chủ tịch Tập đoàn Mường Thanh
A7: =IF(E7="","",COUNTA($E$6:E7)) -> 2 | D7: Ông | E7: Trần Thanh Tú | F7: 36203 | G7: =IFERROR(VLOOKUP(E7, 'DS- Title'!$A:$B, 2, 0), "") -> Giám đốc | H7: 21 | I7: 25 | K7: Trần Thanh Tú
A8: =IF(E8="","",COUNTA($E$6:E8)) -> 3 | D8: Ông | E8: Lê Văn Cường | F8: 16461 | G8: =IFERROR(VLOOKUP(E8, 'DS- Title'!$A:$B, 2, 0), "") -> Giám đốc | H8: 14.3 | I8: 17 | K8: Lê Văn Cường
A9: =IF(E9="","",COUNTA($E$6:E9)) -> 4 | D9: Ông | E9: Trần Đình Phùng | F9: 65974 | G9: =IFERROR(VLOOKUP(E9, 'DS- Title'!$A:$B, 2, 0), "") -> Giám đốc | H9: 23.7 | I9: 29 | K9: Trần Đình Phùng
A10: =IF(E10="","",COUNTA($E$6:E10)) -> 5 | D10: Ông | E10: Hồ Trọng Hùng | F10: 37999 | G10: =IFERROR(VLOOKUP(E10, 'DS- Title'!$A:$B, 2, 0), "") -> 0 | H10: 13.8 | I10: 17 | K10: Ho Trong Hung
A11: =IF(E11="","",COUNTA($E$6:E11)) | G11: =IFERROR(VLOOKUP(E11, 'DS- Title'!$A:$B, 2, 0), "")
A12: =IF(E12="","",COUNTA($E$6:E12)) -> 6 | B12: 2 | C12: 1B | D12: Ông | E12: Lê Thanh Song | F12: 35001 | G12: =IFERROR(VLOOKUP(E12, 'DS- Title'!$A:$B, 2, 0), "") -> 0 | H12: 18.7 | I12: 23 | K12: Le Thanh Song | L12: Chú Song
A13: =IF(E13="","",COUNTA($E$6:E13)) -> 7 | D13: Ông | E13: Nguyễn Văn Thắng | F13: 90427 | G13: =IFERROR(VLOOKUP(E13, 'DS- Title'!$A:$B, 2, 0), "") -> 0 | H13: 12.1 | I13: 15 | K13: Nguyễn Văn Thắng | L13: Chú Song
A14: =IF(E14="","",COUNTA($E$6:E14)) -> 8 | D14: Ông | E14: Vũ Duy Kiên | F14: 32965 | G14: =IFERROR(VLOOKUP(E14, 'DS- Title'!$A:$B, 2, 0), "") -> 0 | H14: 17.6 | I14: 21 | K14: Vũ Duy Kiên | L14: Chú Song
A15: =IF(E15="","",COUNTA($E$6:E15)) -> 9 | D15: Ông | E15: Trần Nam Trung | F15: 50280 | G15: =IFERROR(VLOOKUP(E15, 'DS- Title'!$A:$B, 2, 0), "") -> 0 | H15: 23.8 | I15: 29 | K15: Trần Nam Trung | L15: Chú Song
A16: =IF(E16="","",COUNTA($E$6:E16)) -> 10 | D16: Ông | E16: Phạm Thanh Hải | F16: 48393 | G16: =IFERROR(VLOOKUP(E16, 'DS- Title'!$A:$B, 2, 0), "") -> 0 | H16: 21.8 | I16: 26 | K16: Phan Thanh Hai | L16: Chú Song
A17: =IF(E17="","",COUNTA($E$6:E17)) | G17: =IFERROR(VLOOKUP(E17, 'DS- Title'!$A:$B, 2, 0), "")
A18: =IF(E18="","",COUNTA($E$6:E18)) -> 11 | B18: 3 | C18: 9B | D18: Ông | E18: Phạm Lịch Sự | F18: 666999 | G18: =IFERROR(VLOOKUP(E18, 'DS- Title'!$A:$B, 2, 0), "") -> 0
A19: =IF(E19="","",COUNTA($E$6:E19)) -> 12 | D19: Ông | E19: Trần Quang Khánh | F19: 53612 | G19: =IFERROR(VLOOKUP(E19, 'DS- Title'!$A:$B, 2, 0), "") -> 0 | H19: 9.7 | I19: 12 | K19: Khánh Trần | L19: Chú Song
A20: =IF(E20="","",COUNTA($E$6:E20)) -> 13 | D20: Ông | E20: Tạ Vũ Toàn | F20: 54489 | G20: =IFERROR(VLOOKUP(E20, 'DS- Title'!$A:$B, 2, 0), "") -> 0 | H20: 13 | I20: 16 | K20: Toàn OVER | L20: Chú Song
A21: =IF(E21="","",COUNTA($E$6:E21)) -> 14 | D21: Ông | E21: Nguyễn Đình Đề | F21: 139563 | G21: =IFERROR(VLOOKUP(E21, 'DS- Title'!$A:$B, 2, 0), "") -> 0 | H21: 10.8 | I21: 13 | K21: Dechampau | L21: Chú Song
A22: =IF(E22="","",COUNTA($E$6:E22)) -> 15 | D22: Ông | E22: Nguyễn Thành Trung | F22: 121222 | G22: =IFERROR(VLOOKUP(E22, 'DS- Title'!$A:$B, 2, 0), "") -> 0 | H22: 10.7 | I22: 13 | K22: Nguyễn Thành Trung | L22: Chú Song
A23: =IF(E23="","",COUNTA($E$6:E23)) | G23: =IFERROR(VLOOKUP(E23, 'DS- Title'!$A:$B, 2, 0), "")
A24: =IF(E24="","",COUNTA($E$6:E24)) -> 16 | B24: 4 | C24: 9A | D24: Ông | E24: Nguyễn Đức Tuấn | F24: 7835 | G24: =IFERROR(VLOOKUP(E24, 'DS- Title'!$A:$B, 2, 0), "") -> 0 | H24: 8.3 | I24: 10 | K24: NĐ T 7835 | L24: Chú Song
A25: =IF(E25="","",COUNTA($E$6:E25)) -> 17 | D25: Ông | E25: Phạm Ngọc Quý | F25: 10218 | G25: =IFERROR(VLOOKUP(E25, 'DS- Title'!$A:$B, 2, 0), "") -> 0 | H25: 15.3 | I25: 19 | K25: Phạm Ngọc Qúy | L25: Chú Song
A26: =IF(E26="","",COUNTA($E$6:E26)) -> 18 | D26: Ông | E26: Nguyễn Ngọc Văn | F26: 54185 | G26: =IFERROR(VLOOKUP(E26, 'DS- Title'!$A:$B, 2, 0), "") -> 0 | H26: 6.2 | I26: 8 | K26: Văn - Adam | L26: Chú Song
A27: =IF(E27="","",COUNTA($E$6:E27)) -> 19 | D27: Ông | E27: Phan Mạnh Hà | F27: 182468 | G27: =IFERROR(VLOOKUP(E27, 'DS- Title'!$A:$B, 2, 0), "") -> 0 | H27: 10.9 | I27: 13 | K27: MrBean | L27: Chú Song
A28: =IF(E28="","",COUNTA($E$6:E28)) | G28: =IFERROR(VLOOKUP(E28, 'DS- Title'!$A:$B, 2, 0), "")
A29: =IF(E29="","",COUNTA($E$6:E29)) -> 20 | B29: 5 | C29: 8B | D29: Ông | E29: Lê Thanh Mai | G29: =IFERROR(VLOOKUP(E29, 'DS- Title'!$A:$B, 2, 0), "") -> 0 | L29: Chú Song
A30: =IF(E30="","",COUNTA($E$6:E30)) -> 21 | D30: Ông | E30: Trần Trung Anh | F30: 586888 | G30: =IFERROR(VLOOKUP(E30, 'DS- Title'!$A:$B, 2, 0), "") -> 0 | H30: 17.1 | I30: 21 | K30: Trần Trung Anh | L30: Chú Song
A31: =IF(E31="","",COUNTA($E$6:E31)) -> 22 | D31: Ông | E31: Trần Minh Tuấn | F31: 49072 | G31: =IFERROR(VLOOKUP(E31, 'DS- Title'!$A:$B, 2, 0), "") -> 0 | H31: 17.9 | I31: 22 | K31: Mr Tuấn | L31: Chú Song
A32: =IF(E32="","",COUNTA($E$6:E32)) -> 23 | D32: Ông | E32: Nguyễn Văn Đức | F32: 13856 | G32: =IFERROR(VLOOKUP(E32, 'DS- Title'!$A:$B, 2, 0), "") -> 0 | H32: 22.4 | I32: 27 | K32: Nguyễn Văn Đức | L32: Chú Song
A33: =IF(E33="","",COUNTA($E$6:E33)) | G33: =IFERROR(VLOOKUP(E33, 'DS- Title'!$A:$B, 2, 0), "")
A34: =IF(E34="","",COUNTA($E$6:E34)) -> 24 | B34: 6 | C34: 8A | D34: Ông | E34: Vũ Văn Hiểu | F34: 54853 | G34: =IFERROR(VLOOKUP(E34, 'DS- Title'!$A:$B, 2, 0), "") -> 0 | H34: 13.7 | I34: 17 | K34: Vũ Xuân Hiểu | L34: Chú Song
A35: =IF(E35="","",COUNTA($E$6:E35)) -> 25 | D35: Ông | E35: Uông Ngọc Ân | F35: 43103 | G35: =IFERROR(VLOOKUP(E35, 'DS- Title'!$A:$B, 2, 0), "") -> 0 | H35: 17.6 | I35: 21 | K35: Uông Ngọc Ân | L35: Chú Song
A36: =IF(E36="","",COUNTA($E$6:E36)) -> 26 | D36: Ông | E36: Lê Đình Phương | F36: 71955 | G36: =IFERROR(VLOOKUP(E36, 'DS- Title'!$A:$B, 2, 0), "") -> 0 | H36: 16.1 | I36: 20 | K36: LÊ Đình Phương | L36: Chú Song
A37: =IF(E37="","",COUNTA($E$6:E37)) -> 27 | D37: Ông | E37: Dương Hồng Khang | F37: 82234 | G37: =IFERROR(VLOOKUP(E37, 'DS- Title'!$A:$B, 2, 0), "") -> 0 | H37: 17 | I37: 21 | K37: Dương Khang | L37: Chú Song
A38: =IF(E38="","",COUNTA($E$6:E38)) | G38: =IFERROR(VLOOKUP(E38, 'DS- Title'!$A:$B, 2, 0), "")
A39: =IF(E39="","",COUNTA($E$6:E39)) -> 28 | B39: 7 | C39: 7A | D39: Ông | E39: Bùi Xuân Cường | F39: 916007 | G39: =IFERROR(VLOOKUP(E39, 'DS- Title'!$A:$B, 2, 0), "") -> 0 | H39: 14.3 | I39: 17 | K39: Bùi Xuân Cường | L39: A Kiên
A40: =IF(E40="","",COUNTA($E$6:E40)) -> 29 | D40: Ông | E40: Đỗ Trung Kiên | F40: 180483 | G40: =IFERROR(VLOOKUP(E40, 'DS- Title'!$A:$B, 2, 0), "") -> Tổng Giám Đốc Cienco5 | H40: 11.4 | I40: 14 | K40: Tập Đánh Golf | L40: A Kiên
A41: =IF(E41="","",COUNTA($E$6:E41)) -> 30 | D41: Ông | E41: Trần Thanh Tùng | F41: 96074 | G41: =IFERROR(VLOOKUP(E41, 'DS- Title'!$A:$B, 2, 0), "") -> Giám đốc | H41: 10 | I41: 12 | K41: Trần Thanh Tùng | L41: NBI
A42: =IF(E42="","",COUNTA($E$6:E42)) -> 31 | D42: Ông | E42: Huỳnh Thiên | F42: 20601 | G42: =IFERROR(VLOOKUP(E42, 'DS- Title'!$A:$B, 2, 0), "") -> 0 | H42: 9.3 | I42: 11 | K42: Huynh Thien | L42: NBI
A43: =IF(E43="","",COUNTA($E$6:E43)) -> 32 | D43: Ông | E43: Đoàn Khắc Thiện | G43: =IFERROR(VLOOKUP(E43, 'DS- Title'!$A:$B, 2, 0), "") -> 0 | L43: NBI
A44: =IF(E44="","",COUNTA($E$6:E44)) | G44: =IFERROR(VLOOKUP(E44, 'DS- Title'!$A:$B, 2, 0), "")
A45: =IF(E45="","",COUNTA($E$6:E45)) -> 33 | B45: 8 | C45: 18B | D45: Bà | E45: Nguyễn Anh Ngọc | F45: 150317 | G45: =IFERROR(VLOOKUP(E45, 'DS- Title'!$A:$B, 2, 0), "") -> 0 | H45: 32.3 | I45: 37 | K45: Nguyen Anh Ngoc | L45: C Yến
A46: =IF(E46="","",COUNTA($E$6:E46)) -> 34 | D46: Bà | E46: Hoàng Thanh Trang | F46: 113219 | G46: =IFERROR(VLOOKUP(E46, 'DS- Title'!$A:$B, 2, 0), "") -> 0 | H46: 35.5 | I46: 40 | K46: Hoang Thanh Trang | L46: C Yến
A47: =IF(E47="","",COUNTA($E$6:E47)) -> 35 | D47: Bà | E47: Nguyễn Thị Thùy An | F47: 223844 | G47: =IFERROR(VLOOKUP(E47, 'DS- Title'!$A:$B, 2, 0), "") | H47: 30.1 | I47: 34 | K47: An Thùy | L47: C Yến
A48: =IF(E48="","",COUNTA($E$6:E48)) -> 36 | D48: Bà | E48: Đặng Thu Huyền | F48: 34893 | G48: =IFERROR(VLOOKUP(E48, 'DS- Title'!$A:$B, 2, 0), "") -> 0 | H48: 29.9 | I48: 34 | K48: Đặng Thị Thu Huyền | L48: C Yến
A49: =IF(E49="","",COUNTA($E$6:E49)) | G49: =IFERROR(VLOOKUP(E49, 'DS- Title'!$A:$B, 2, 0), "")
A50: =IF(E50="","",COUNTA($E$6:E50)) -> 37 | B50: 9 | C50: 6B | D50: Bà | E50: Võ Thị Phương Thảo | F50: 23200 | G50: =IFERROR(VLOOKUP(E50, 'DS- Title'!$A:$B, 2, 0), "") -> 0 | H50: 27.9 | I50: 32 | K50: Thao Vo | L50: C Yến
A51: =IF(E51="","",COUNTA($E$6:E51)) -> 38 | D51: Bà | E51: Nguyễn Thu Trang | F51: 32654 | G51: =IFERROR(VLOOKUP(E51, 'DS- Title'!$A:$B, 2, 0), "") -> 0 | H51: 25.2 | I51: 29 | K51: Nguyễn Thu Trang | L51: C Yến
A52: =IF(E52="","",COUNTA($E$6:E52)) -> 39 | D52: Bà | E52: Đặng Hồng Vân | F52: 656688 | G52: =IFERROR(VLOOKUP(E52, 'DS- Title'!$A:$B, 2, 0), "") -> 0 | H52: 11.4 | I52: 13 | K52: Đặng Hồng Vân | L52: C Yến
A53: =IF(E53="","",COUNTA($E$6:E53)) -> 40 | D53: Bà | E53: Lê Thị Thu Hường | F53: 44690 | G53: =IFERROR(VLOOKUP(E53, 'DS- Title'!$A:$B, 2, 0), "") -> 0 | H53: 13.1 | I53: 15 | K53: Lê Thị Thu Hường | L53: C Yến
A54: =IF(E54="","",COUNTA($E$6:E54)) | G54: =IFERROR(VLOOKUP(E54, 'DS- Title'!$A:$B, 2, 0), "") | L54: A Bằng xếp
A55: =IF(E55="","",COUNTA($E$6:E55)) -> 41 | B55: 10 | C55: 6A | D55: Ông | E55: Phạm Xuân Bình | F55: 49060 | G55: =IFERROR(VLOOKUP(E55, 'DS- Title'!$A:$B, 2, 0), "") -> 0 | H55: 23 | I55: 28 | K55: Lộc Bình | L55: A Kiên
A56: =IF(E56="","",COUNTA($E$6:E56)) -> 42 | D56: Ông | E56: Đỗ Anh Tuấn | F56: 70694 | G56: =IFERROR(VLOOKUP(E56, 'DS- Title'!$A:$B, 2, 0), "") -> 0 | H56: 18.9 | I56: 23 | K56: Đỗ Anh Tuấn | L56: A Kiên
A57: =IF(E57="","",COUNTA($E$6:E57)) -> 43 | D57: Ông | E57: Trần Quốc Huy | F57: 59070 | G57: =IFERROR(VLOOKUP(E57, 'DS- Title'!$A:$B, 2, 0), "") -> 0 | H57: 13.3 | I57: 16 | K57: Metal | L57: A Kiên
A58: =IF(E58="","",COUNTA($E$6:E58)) -> 44 | D58: Ông | E58: Nông Hồng Lộc | G58: =IFERROR(VLOOKUP(E58, 'DS- Title'!$A:$B, 2, 0), "") -> 0 | L58: A Kiên
A59: =IF(E59="","",COUNTA($E$6:E59)) | G59: =IFERROR(VLOOKUP(E59, 'DS- Title'!$A:$B, 2, 0), "")
A60: =IF(E60="","",COUNTA($E$6:E60)) -> 45 | B60: 11 | C60: 7B | D60: Ông | E60: Nguyễn Huy Thắng | F60: 2435 | G60: =IFERROR(VLOOKUP(E60, 'DS- Title'!$A:$B, 2, 0), "") -> 0 | H60: 19.9 | I60: 24 | K60: Kenvin Nguyễn | L60: A Kiên
A61: =IF(E61="","",COUNTA($E$6:E61)) -> 46 | D61: Ông | E61: Trần Tuấn Anh | G61: =IFERROR(VLOOKUP(E61, 'DS- Title'!$A:$B, 2, 0), "") -> 0 | L61: A Kiên
A62: =IF(E62="","",COUNTA($E$6:E62)) -> 47 | D62: Ông | E62: Đặng Trung Kiên | F62: 45539 | G62: =IFERROR(VLOOKUP(E62, 'DS- Title'!$A:$B, 2, 0), "") -> 0 | H62: 21.9 | I62: 27 | K62: Đặng Trung Kiên | L62: A Kiên
A63: =IF(E63="","",COUNTA($E$6:E63)) -> 48 | D63: Ông | E63: Nguyễn Thành Lợi | F63: 7116 | G63: =IFERROR(VLOOKUP(E63, 'DS- Title'!$A:$B, 2, 0), "") -> 0 | H63: 19.3 | I63: 23 | K63: Răng văn Răng | L63: A Kiên
A64: =IF(E64="","",COUNTA($E$6:E64)) | G64: =IFERROR(VLOOKUP(E64, 'DS- Title'!$A:$B, 2, 0), "")
A65: =IF(E65="","",COUNTA($E$6:E65)) -> 49 | B65: 12 | C65: 4A | D65: Bà | E65: Alice Nguyễn | F65: 55263 | G65: =IFERROR(VLOOKUP(E65, 'DS- Title'!$A:$B, 2, 0), "") -> 0 | H65: 15.5 | I65: 18 | K65: Alice Nguyễn | L65: C Yến
A66: =IF(E66="","",COUNTA($E$6:E66)) -> 50 | D66: Bà | E66: Lê Thị Thúy Hằng | F66: 52135 | G66: =IFERROR(VLOOKUP(E66, 'DS- Title'!$A:$B, 2, 0), "") -> 0 | H66: 19.4 | I66: 22 | K66: Lê Thị Thúy Hằng | L66: C Yến
A67: =IF(E67="","",COUNTA($E$6:E67)) -> 51 | D67: Ông | E67: Đỗ Anh Dũng | F67: 55038 | G67: =IFERROR(VLOOKUP(E67, 'DS- Title'!$A:$B, 2, 0), "") -> 0 | H67: 21.4 | I67: 26 | K67: Đỗ Anh Dũng | L67: C Yến
A68: =IF(E68="","",COUNTA($E$6:E68)) -> 52 | D68: Ông | E68: Võ Duy Tấn Huy | F68: 194950 | G68: =IFERROR(VLOOKUP(E68, 'DS- Title'!$A:$B, 2, 0), "") -> 0 | H68: 10.6 | I68: 13 | K68: Huy Vo | L68: C Yến
A69: =IF(E69="","",COUNTA($E$6:E69)) | G69: =IFERROR(VLOOKUP(E69, 'DS- Title'!$A:$B, 2, 0), "") | L69: c Minh xếp
A70: =IF(E70="","",COUNTA($E$6:E70)) -> 53 | B70: 13 | C70: 18A | D70: Ông | E70: Nguyễn Văn Lợi | G70: =IFERROR(VLOOKUP(E70, 'DS- Title'!$A:$B, 2, 0), "") -> 0 | L70: A Kiên
A71: =IF(E71="","",COUNTA($E$6:E71)) -> 54 | D71: Bà | E71: Nguyễn Thị Minh | F71: 23688 | G71: =IFERROR(VLOOKUP(E71, 'DS- Title'!$A:$B, 2, 0), "") -> 0 | H71: 16.7 | I71: 19 | K71: Minh Nguyen | L71: A Kiên
A72: =IF(E72="","",COUNTA($E$6:E72)) -> 55 | D72: Ông | E72: Phạm Hồng Trường | F72: 75568 | G72: =IFERROR(VLOOKUP(E72, 'DS- Title'!$A:$B, 2, 0), "") -> 0 | H72: 18.4 | I72: 22 | K72: Trường Phạm | L72: A Kiên
A73: =IF(E73="","",COUNTA($E$6:E73)) -> 56 | D73: Ông | E73: Trần Văn Trác | F73: 4637 | G73: =IFERROR(VLOOKUP(E73, 'DS- Title'!$A:$B, 2, 0), "") -> 0 | H73: 14.1 | I73: 17 | K73: TracTran | L73: A Kiên
A74: =IF(E74="","",COUNTA($E$6:E74)) -> 57 | D74: Ông | E74: Trương Cao Cường | F74: 790079 | G74: =IFERROR(VLOOKUP(E74, 'DS- Title'!$A:$B, 2, 0), "") -> 0 | H74: 18.6 | I74: 23 | K74: Trương Cao Cường | L74: A Kiên
A75: =IF(E75="","",COUNTA($E$6:E75)) | G75: =IFERROR(VLOOKUP(E75, 'DS- Title'!$A:$B, 2, 0), "") | L75: c Minh xếp
A76: =IF(E76="","",COUNTA($E$6:E76)) -> 58 | B76: 14 | C76: 5A | D76: Ông | E76: Nguyễn Viết Tuấn | G76: =IFERROR(VLOOKUP(E76, 'DS- Title'!$A:$B, 2, 0), "") -> 0 | L76: A Kiên
A77: =IF(E77="","",COUNTA($E$6:E77)) -> 59 | D77: Ông | E77: Hoàng Nam Khánh | F77: 24259 | G77: =IFERROR(VLOOKUP(E77, 'DS- Title'!$A:$B, 2, 0), "") -> 0 | H77: 8.1 | I77: 10 | K77: Nam Khôi | L77: A Kiên
A78: =IF(E78="","",COUNTA($E$6:E78)) -> 60 | D78: Ông | E78: Bùi Gia Kỳ | F78: 26393 | G78: =IFERROR(VLOOKUP(E78, 'DS- Title'!$A:$B, 2, 0), "") -> 0 | H78: 16.4 | I78: 20 | K78: Bùi Gia Kỳ | L78: A Kiên
A79: =IF(E79="","",COUNTA($E$6:E79)) -> 61 | D79: Ông | E79: Mai Ngọc Khánh | F79: 9190 | G79: =IFERROR(VLOOKUP(E79, 'DS- Title'!$A:$B, 2, 0), "") -> 0 | H79: 7.8 | I79: 9 | K79: Mai Ngọc Khánh | L79: A Kiên
A80: =IF(E80="","",COUNTA($E$6:E80)) | G80: =IFERROR(VLOOKUP(E80, 'DS- Title'!$A:$B, 2, 0), "")
A81: =IF(E81="","",COUNTA($E$6:E81)) -> 62 | B81: 15 | C81: 5B | D81: Ông | E81: Nguyễn Công Thành | F81: 124235 | G81: =IFERROR(VLOOKUP(E81, 'DS- Title'!$A:$B, 2, 0), "") -> 0 | H81: 17.5 | I81: 21 | K81: Beng Beng | L81: A Kiên
A82: =IF(E82="","",COUNTA($E$6:E82)) -> 63 | D82: Ông | E82: Trần Sỹ Quỳnh | G82: =IFERROR(VLOOKUP(E82, 'DS- Title'!$A:$B, 2, 0), "") -> 0 | L82: A Kiên
A83: =IF(E83="","",COUNTA($E$6:E83)) -> 64 | D83: Ông | E83: Nguyễn Trung Thành | F83: 96450 | G83: =IFERROR(VLOOKUP(E83, 'DS- Title'!$A:$B, 2, 0), "") -> 0 | H83: 12.7 | I83: 15 | K83: NT Thành | L83: A Kiên
A84: =IF(E84="","",COUNTA($E$6:E84)) -> 65 | D84: Ông | E84: Lê Trọng Bằng | F84: 54486 | G84: =IFERROR(VLOOKUP(E84, 'DS- Title'!$A:$B, 2, 0), "") -> 0 | H84: 12.5 | I84: 15 | K84: Ball Hunter | L84: NBI
A85: =IF(E85="","",COUNTA($E$6:E85)) | G85: =IFERROR(VLOOKUP(E85, 'DS- Title'!$A:$B, 2, 0), "") | L85: c Minh xếp
A86: =IF(E86="","",COUNTA($E$6:E86)) -> 66 | B86: 16 | C86: 2A | D86: Ông | E86: Nguyễn Xuân Lâm | F86: 59765 | G86: =IFERROR(VLOOKUP(E86, 'DS- Title'!$A:$B, 2, 0), "") -> 0 | H86: 11 | I86: 13 | K86: Nguyễn Xuân Lâm | L86: A Kiên
A87: =IF(E87="","",COUNTA($E$6:E87)) -> 67 | D87: Ông | E87: Ngô Mạnh Quân | G87: =IFERROR(VLOOKUP(E87, 'DS- Title'!$A:$B, 2, 0), "") -> 0 | L87: A Kiên
A88: =IF(E88="","",COUNTA($E$6:E88)) -> 68 | D88: Ông | E88: Nguyễn Văn Tám | F88: 832018 | G88: =IFERROR(VLOOKUP(E88, 'DS- Title'!$A:$B, 2, 0), "") -> 0 | H88: 3.6 | I88: 4 | K88: Tám già | L88: A Kiên
A89: =IF(E89="","",COUNTA($E$6:E89)) -> 69 | D89: Ông | E89: Nguyễn Việt Cường | G89: =IFERROR(VLOOKUP(E89, 'DS- Title'!$A:$B, 2, 0), "") -> 0 | L89: A Kiên
A90: =IF(E90="","",COUNTA($E$6:E90)) | G90: =IFERROR(VLOOKUP(E90, 'DS- Title'!$A:$B, 2, 0), "")
A91: =IF(E91="","",COUNTA($E$6:E91)) -> 70 | B91: 17 | C91: 17B | D91: Ông | E91: Lê Văn Thành | F91: 17981 | G91: =IFERROR(VLOOKUP(E91, 'DS- Title'!$A:$B, 2, 0), "") -> 0 | H91: 14 | I91: 17 | K91: Le Thanh | L91: NA
A92: =IF(E92="","",COUNTA($E$6:E92)) -> 71 | D92: Ông | E92: Hoàng Anh Dũng | F92: 69583 | G92: =IFERROR(VLOOKUP(E92, 'DS- Title'!$A:$B, 2, 0), "") -> Phó phòng CSGT Nghệ An | H92: 15.3 | I92: 19 | K92: Hoang Hung | L92: NA
A93: =IF(E93="","",COUNTA($E$6:E93)) -> 72 | D93: Ông | E93: Nguyễn Văn Hòa | F93: 10999 | G93: =IFERROR(VLOOKUP(E93, 'DS- Title'!$A:$B, 2, 0), "") -> Giám đốc điện chiếu sáng Hiền Hòa | H93: 14.6 | I93: 18 | K93: Hòa | L93: NA
A94: =IF(E94="","",COUNTA($E$6:E94)) -> 73 | D94: Ông | E94: Nguyễn Văn Nam | F94: 72689 | G94: =IFERROR(VLOOKUP(E94, 'DS- Title'!$A:$B, 2, 0), "") -> Giám đốc đốc cty Nam Phương Phát | H94: 12.2 | I94: 15 | K94: Nguyen Nam | L94: NA
A95: =IF(E95="","",COUNTA($E$6:E95)) -> 74 | D95: Ông | E95: Lê Văn Đức | F95: 15011 | G95: =IFERROR(VLOOKUP(E95, 'DS- Title'!$A:$B, 2, 0), "") -> Phó tổng giám đốc Cienco5 | H95: 13 | I95: 16 | K95: Lê Văn Đức | L95: NA
A96: =IF(E96="","",COUNTA($E$6:E96)) | G96: =IFERROR(VLOOKUP(E96, 'DS- Title'!$A:$B, 2, 0), "")
A97: =IF(E97="","",COUNTA($E$6:E97)) -> 75 | B97: 18 | C97: 3B | D97: Ông | E97: Trần Văn Quyết | F97: 44390 | G97: =IFERROR(VLOOKUP(E97, 'DS- Title'!$A:$B, 2, 0), "") -> 0 | H97: 5.4 | I97: 7 | K97: Trần Quyết | L97: NA
A98: =IF(E98="","",COUNTA($E$6:E98)) -> 76 | D98: Ông | E98: Vũ Minh Huy | G98: =IFERROR(VLOOKUP(E98, 'DS- Title'!$A:$B, 2, 0), "") -> 0 | L98: Huy rứa
A99: =IF(E99="","",COUNTA($E$6:E99)) -> 77 | D99: Ông | E99: Phạm Thế Anh | F99: 97999 | G99: =IFERROR(VLOOKUP(E99, 'DS- Title'!$A:$B, 2, 0), "") -> 0 | H99: 16.2 | I99: 20 | K99: Thế Anh | L99: NA
A100: =IF(E100="","",COUNTA($E$6:E100)) -> 78 | D100: Ông | E100: Vũ Tuấn Dũng | F100: 63412 | G100: =IFERROR(VLOOKUP(E100, 'DS- Title'!$A:$B, 2, 0), "") -> Chánh thanh tra Nghệ An | H100: 9.1 | I100: 11 | K100: Thanh Trúc | L100: NA
A101: =IF(E101="","",COUNTA($E$6:E101)) -> 79 | D101: Ông | E101: Lê Văn Dương | F101: 568686 | G101: =IFERROR(VLOOKUP(E101, 'DS- Title'!$A:$B, 2, 0), "") -> Doanh nghiệp | H101: 9.2 | I101: 11 | K101: Le Duong | L101: NA
A102: =IF(E102="","",COUNTA($E$6:E102)) | G102: =IFERROR(VLOOKUP(E102, 'DS- Title'!$A:$B, 2, 0), "")
A103: =IF(E103="","",COUNTA($E$6:E103)) -> 80 | B103: 19 | C103: 3A | D103: Ông | E103: Phạm Văn Dũng | F103: 64393 | G103: =IFERROR(VLOOKUP(E103, 'DS- Title'!$A:$B, 2, 0), "") -> Giám đốc BV 115 | H103: 12.9 | I103: 16 | K103: Trung Dũng | L103: NA
...

Sheet Tee 5h30
B1: GIẢI GOLF CHÀO MỪNG ĐẠI HỘI MƯỜNG THANH 2026
B2: Shortgun : 6h00 ngày 25/10/2026 - Sân golf Tràng An, Ninh Bình
B3: Flight | C3: Holes | D3: Goler name | E3: VGA | F3: Low handicap index (01/1/2026 - 03/10/2026) | G3: Course HNC | H3: Division | I3: Nickname trên Vhandicap
B5: 1 | C5: 1 | D5: Lê Thị Hoàng Yến | E5: 90036 | F5: 21.6 | G5: 24 | I5: Bum Bum
D6: Nguyễn Văn Hải | E6: 71649 | F6: 12.4 | G6: 15 | I6: Nguyễn Văn Hải
D7: Nguyễn Văn Phúc | E7: 45300 | F7: 16.4 | G7: 20 | I7: Nguyễn Phúc
B9: 2 | C9: 10 | D9: Trần Khắc Tường Duy | E9: 106305 | F9: 17.9 | G9: 22 | I9: Duy golf
D10: Nguyễn Huy Hoàng | E10: 158134 | F10: 14.4 | G10: 17 | I10: Hoàng Dzai
D11: Bùi Văn Tâm | E11: 138068 | F11: 16.5 | G11: 20 | I11: Tâm Xiều
D12: Phan Trọng Hợp | E12: 34895 | F12: 16.7 | G12: 20 | I12: Phan Trọng Hợp
B14: 3 | C14: 11 | D14: Hồ Minh Tuấn | E14: 130045 | F14: 29.9 | G14: 36 | I14: Hồ Minh Tuấn
D15: Phùng Thị Thơm | E15: 176170 | F15: 36 | G15: 44 | I15: Hương Thơm
D16: Trần Tuấn Anh | E16: 67832 | F16: 17.3 | G16: 21 | I16: Trần Tuấn Anh
D17: Lương Tú Thưởng | E17: 69508 | F17: 13.3 | G17: 16 | I17: Cậu Ấm
B19: 4 | C19: 12 | D19: Nguyễn Công Hùng | E19: 58675 | F19: 9.6 | G19: 12 | I19: Nguyễn Công Hùng
D20: Hoàng Văn Lực | E20: 123208 | F20: 13.5 | G20: 16 | I20: Hoàng Văn Lực
D21: Trần Quốc Trung | E21: 15690 | F21: 16.8 | G21: 20 | I21: Trần Quốc Trung
D22: Phan Văn Toàn | E22: 62583 | F22: 11.5 | G22: 14 | I22: Phan Văn Toàn
B24: 5 | C24: 13 | D24: Lê Thị Lưu | E24: 100359 | F24: 21 | G24: 25 | I24: Lê Lưu
D25: Nguyễn Thị Quỳnh | E25: 412744 | F25: 24.3 | I25: Nguyễn Thị Quỳnh
D26: Trần Thị Toàn | E26: 94501 | F26: 20.6 | I26: Thủy Toàn
B28: 6 | C28: 1 | D28: Đậu Ngọc Long | E28: 52479 | F28: 20.3 | G28: 25 | I28: Đức Sang | K28: =148+28 -> 176
D29: Tăng Văn Luyện | E29: 57224 | F29: 18 | G29: 22 | I29: Đức Thịnh
D30: Võ Trường Giang
D31: Lê Hữu Xuân | E31: 165642 | F31: 21 | G31: 25 | I31: Tít Mít
B33: 7 | C33: 2 | D33: Đào Ngọc Tâm
D34: Đậu Xuân Khánh | E34: 611188 | F34: 14.6 | G34: 18 | I34: Đậu Xuân Khánh
D35: Lê Quang Huy | E35: 108018 | F35: 20.9 | G35: 25 | I35: Lê Quang Huy
D36: Thái Thanh Phong | E36: 19045 | F36: 13.9 | G36: 17 | I36: Thảo Trang

Sheet DS- Title
A3: Lê Thanh Thản | B3: Chủ tịch Tập đoàn Mường Thanh
A4: Thái Thị Lan
A5: Lê Văn Bảy
A6: Lê Thanh Song
A7: Vũ Duy Kiên
A8: Trần Nam Trung
A9: Phạm Thanh Hải
A10: Trần Quang Khánh
A11: Tạ Vũ Toàn
A12: Nguyễn Đình Đề
A13: Nguyễn Thành Trung
A14: Nguyễn Đức Tuấn
A15: Phạm Ngọc Quý
... A26: Phạm Lịch Sự
A27: Lê Thị Hoàng Yến | B27: Tổng Giám Đốc Tập đoàn Mường Thanh
A28: Lê Thị Thu Hường
A29: Nguyễn Thị Minh
A30: Trần Thu Hiền
A31: Nguyễn Anh Ngọc
A32: Hoàng Thanh Trang
A33: Nguyễn Thj Thùy An
A34: Đặng Hồng Vân
A35: Võ Thị Phương Thảo
A36: Nguyễn Thu Trang
A37: Đặng Thu Huyền
A38: Võ Duy Tấn Huy
A39: Alice Nguyễn
... A43: Đỗ Anh Dũng
A44: Đỗ Trung Kiên | B44: Tổng Giám Đốc Cienco5
A45: Phạm Xuân Bình
A46: Lê Trọng Bằng
A47: Đỗ Anh Tuấn
A48: Trần Quốc Huy
A49: Nông Hồng Lộc
A50: Trần Tuấn Anh
A51: Nguyễn Thành Lợi
A52: Nguyễn Huy Thắng
A53: Đặng Trung Kiên
A54: Đoàn Khắc Thiện
A55: Tô Hữu Trường
A56: Bùi Gia Kỳ
A57: Trần Thanh Tùng | B57: Giám đốc
A58: Hoàng Nam Khánh
A59: Mai Ngọc Khánh
A60: Nguyễn Công Thành
A61: Trần Sỹ Quỳnh
A62: Trần Văn Trác
A63: Nguyễn Xuân Lâm
A64: Nguyễn Văn Lợi
A65: Nguyễn Văn Tám
A66: Nguyễn Việt Cường
A67: Trương Cao Cường
A68: Nguyễn Trung Thành
A69: Ngô Mạnh Quân
... A72: Lê Văn Thành
A73: Hoàng Anh Dũng | B73: Phó phòng CSGT Nghệ An
A74: Trần Văn Quyết
A75: Hồ Trọng Hùng
A76: Phạm Văn Dũng | B76: Giám đốc BV 115
A77: Phạm Văn Cường
A78: Phạm Thế Anh
A79: Nguyễn Văn Hòa | B79: Giám đốc điện chiếu sáng Hiền Hòa
A80: Nguyễn Văn Nam | B80: Giám đốc đốc cty Nam Phương Phát
A81: Đậu Xuân Khánh | B81: Giám đốc Cty Open VN
A82: Vũ Hải Dương | B82: Giám đốc cty thiết kế
A83: Nguyễn Công Hưng | B83: Giám đốc cty Bình Minh
A84: Bùi Duy Đông | B84: Vụ trưởng, Tky CT UBMTTQVN
A85: Hoàng Vĩnh Trường | B85: Bí thư xã Hợp Minh
A86: Vũ Tuấn Dũng | B86: Chánh thanh tra Nghệ An
A87: Lê Văn Dương | B87: Doanh nghiệp
A88: Tăng Văn Luyện | B88: Nguyên CT huyện DCH
A89: Đậu Ngọc Long | B89: Chủ tịch xã Diễn An
A90: Nguyễn Hồng Sơn | B90: PGĐ Sở XD tỉnh Nghệ An
... A99: Lê Hữu Xuân | B99: Trưởng công an
A100: Ngô Sỹ Lâm
A101: Võ Trường Giang | B101: Doanh nghiệp
A102: Trần Tất Thắng | B102: Giám đốc BV mắt NA
A103: Đào Ngọc Tâm
A104: Lê Văn Đức | B104: Phó tổng giám đốc Cienco5
A105: Nguyễn Xuân Lưu | B105: Kiểm sát viên cao cấp, Vụ Công tố và Kiểm sát điều tra án kinh tế, tham nhũng- Viện Kiểm sát nhân dân tối cao
A106: Vũ Minh Huy
A107: Nguyễn Thanh Bình
A108: Trần Đình Phùng | B108: Giám đốc
A109: Phạm Hồng Trường
A110: Lê Văn Cường | B110: Giám đốc
A111: Trần Thanh Tú | B111: Giám đốc
A112: Phạm Văn Tuần
A113: Phạm Văn Hải
A114: Trần Đại Hải Phúc
A115: Đoàn Văn Toàn
A116: Nguyễn Văn Đạt | B116: Giám đốc
A117: Trần Quang Hoà | B117: Giám đốc
A118: Trần Việt Hoàng
A119: Hoàng Anh Tuấn
A120: Huỳnh Thiên
A121: Trần Văn Mạnh
A122: Nguyễn Đặng Tuấn
A123: Thái Văn Dũng
A124: Lê Thanh Mai
A125: Vũ Xuân Quang
...
